state_alpha,year,practice,acres_harvested,production_tons,yield_tons_acre
NE,2000,all,1350000.0,4185000.0,3.1
NE,2000,irrigated,380000.0,1691000.0,4.45
NE,2000,non_irrigated,970000.0,2494000.0,2.57
NE,2001,all,1400000.0,4970000.0,3.55
NE,2001,irrigated,420000.0,1980000.0,4.71
NE,2001,non_irrigated,980000.0,2990000.0,3.05
NE,2002,all,1350000.0,4050000.0,3.0
NE,2002,irrigated,465000.0,2035000.0,4.38
NE,2002,non_irrigated,885000.0,2015000.0,2.28
NE,2003,all,1450000.0,5220000.0,3.6
NE,2003,irrigated,500000.0,2450000.0,4.9
NE,2003,non_irrigated,950000.0,2770000.0,2.92
NE,2004,all,1250000.0,4563000.0,3.65
NE,2004,irrigated,450000.0,2160000.0,4.8
NE,2004,non_irrigated,800000.0,2403000.0,3.0
NE,2005,all,1250000.0,4625000.0,3.7
NE,2005,irrigated,430000.0,2090000.0,4.86
NE,2005,non_irrigated,820000.0,2535000.0,3.09
NE,2006,all,1200000.0,3960000.0,3.3
NE,2006,irrigated,425000.0,1945000.0,4.58
NE,2006,non_irrigated,775000.0,2015000.0,2.6
NE,2007,all,1100000.0,4015000.0,3.65
NE,2007,irrigated,395000.0,1815000.0,4.59
NE,2007,non_irrigated,705000.0,2200000.0,3.12
NE,2008,all,970000.0,3832000.0,3.95
NE,2008,irrigated,340000.0,1660000.0,4.9
NE,2008,non_irrigated,630000.0,2172000.0,3.45
NE,2009,all,950000.0,3610000.0,3.8
NE,2009,irrigated,330000.0,1535000.0,4.65
NE,2009,non_irrigated,620000.0,2075000.0,3.35
NE,2010,all,890000.0,3649000.0,4.1
NE,2011,all,780000.0,3159000.0,4.05
NE,2012,all,770000.0,2387000.0,3.1
NE,2013,all,700000.0,2415000.0,3.45
NE,2014,all,830000.0,3403000.0,4.1
NE,2015,all,850000.0,3400000.0,4.0
NE,2016,all,780000.0,3237000.0,4.15
NE,2017,all,860000.0,3397000.0,3.95
NE,2018,all,850000.0,3655000.0,4.3
NE,2019,all,980000.0,3724000.0,3.8
NE,2020,all,860000.0,3268000.0,3.8
NE,2021,all,930000.0,3813000.0,4.1
NE,2022,all,810000.0,2511000.0,3.1
NE,2023,all,850000.0,2890000.0,3.4
NE,2024,all,810000.0,3483000.0,4.3
NE,2025,all,865000.0,3201000.0,3.7
NE,2026,all,815000.0,2853000.0,3.5
